{
    "protein_mean": [
        258.9134242883611,
        28122.357749132236,
        0.09295836622321468,
        39.66962033492007,
        7.40217528008295,
        -0.08754985334255234,
        1.6148378485495087,
        0.0,
        0.0,
        0.0,
        0.0,
        0.0,
        0.0
    ],
    "protein_std": [
        310.8141694864076,
        33956.76344496992,
        0.04283114286461725,
        17.04570712550553,
        2.429496666393133,
        0.5671769150245195,
        11.153521539769347,
        1e-07,
        1e-07,
        1e-07,
        1e-07,
        1e-07,
        1e-07
    ],
    "residue_mean": [
        0.0,
        0.0,
        0.0,
        0.0,
        0.0,
        0.0
    ],
    "residue_std": [
        1e-07,
        1e-07,
        1e-07,
        1e-07,
        1e-07,
        1e-07
    ]
}